{
    "waypoint" : {
        "BITIS" : [10.26638889,106.24833333],
        "XOBAV" : [10.14027778,106.6425],
        "BAOMY" : [10.87083333,107.32916667],
        "SAPEN" : [11.02,106.18333333],
        "KADUM" : [11.357222222,107.059444444],
        "ANRAN" : [11.35,107.0691666667],
        "ELSAS" : [10.13666667,107.54833333],
        "DALAP" : [11.014155556,107.389397222],
        "LOTVU" : [10.697941667,106.197902778],
        "ENROP" : [10.576822222,106.64425],
        "NOKUM" : [10.582175,106.584505556],
        "LETRO" : [10.477072222,106.848172222],
        "VANLI" : [10.508730556,106.975997222],
        "RUNSI" : [10.592283333,107.149136111],
        "GOMIN" : [10.484797222,107.243458333],
        "VIKEP" : [10.966708333,107.229241667],
        "BUTGA" : [11.289525,106.732697222],
        "NUNGO" : [11.281925,106.843716667],
        "ANSUP" : [10.980747222,107.231133333],
        "BOMSU" : [10.910522222,106.899808333],
        "SOKAN" : [10.870280556,106.904766667],
        "VICAL" : [10.146347222,106.750552778],
        "BUNVI" : [10.766527778,106.4895],
        "VEXID" : [10.757027778,106.492972222],
        "XIMLA" : [10.876444444,106.809388889],
        "OMKAS" : [10.879555556,106.808194444],
        "SAMDU" : [10.681402778,106.451280556],
        "ANLOC" : [10.939166667,107.188333333],
        "ENPAS" : [10.399722222,106.111388889],
        "MISAN" : [10.480555555,106.05],
        "BACHU" : [10.584166667,106.006944444],
        "VTV" : [10.3727777778,107.0944444444],
        "LANHI" : [10.406111111,107.191388889],
        "DONXO" : [11.423333333,106.951666667],
        "TS584" : [10.964205556,106.314166667],
        "TS582" : [10.830147222,106.255602778],
        "TS568" : [10.551225,106.234177778],
        "TS566" : [10.451594444,106.348888889],
        "TS564" : [10.435030556,106.500563889],
        "TS562" : [10.507516667,106.63445],
        "TS548" : [10.771552778,107.197277778],
        "TS546" : [10.718583333,106.803083333],
        "TS544" : [10.684941667,106.765369444],
        "TS542" : [10.530708333,106.610038889],
        "TS538" : [10.467880556,106.493997222],
        "TS536" : [10.482236111,106.362533333],
        "TS534" : [10.568588889,106.263113889],
        "TS498" : [10.731136111,106.4482],
        "TS496" : [10.681491667,106.49365],
        "TS492" : [10.538408333,106.694388889],
        "TS488" : [10.55795,107.102219444],
        "TS484" : [10.859725,106.420458333],
        "TS482" : [11.060863889,106.478969444],
        "TS468" : [11.273844444,106.961138889],
        "TS466" : [11.240230556,107.066055556],
        "TS464" : [11.177777778,107.1564],
        "TS462" : [11.108488889,107.214211111],
        "TS458" : [10.648627778,107.202288889],
        "TS456" : [10.751266667,107.257361111],
        "TS454" : [10.865763889,107.277388889],
        "TS452" : [10.866194444,107.243513889],
        "TS448" : [11.075475,107.194747222],
        "TS446" : [11.153488889,107.133055556],
        "TS444" : [11.210261111,107.050927778],
        "TS442" : [11.240816667,106.955555556],
        "TS438" : [10.762102778,107.225319444],
        "TS436" : [10.668788889,107.175261111],
        "TS434" : [10.58635,107.084286111],
        "TS432" : [10.5416,106.969527778],
        "TS032" : [10.93625,106.379666667],
        "TS031" : [10.839138889,106.379666667],
        "TS030" : [10.791166667,106.253166667],
        "TS029" : [10.534833333,106.570166667],
        "TS028" : [10.760222222,106.966],
        "TS027" : [10.708277778,106.769722222],
        "TS026" : [10.64425,106.527722222],
        "TS025" : [10.548333333,106.27488888],
        "TS024" : [10.65775,106.232444444],
        "TS023" : [10.681777778,106.295638889],
        "TS022" : [10.705777778,106.358861111],
        "TS021" : [10.729777778,106.422083333],
        "TS020" : [10.686666667,106.3086666677],
        "TS014" : [10.390194444,106.85911111],
        "TS012" : [10.623277778,106.523777778],
        "TS011" : [10.679694444,106.672305556],
        "TS010" : [10.739138889,106.828755],
        "TS009" : [10.515638889,106.915527778],
        "TS008" : [10.77625,107.068083333],
        "TS007" : [10.537111111,107.160916667],
        "TS006" : [10.495138889,107.050361111],
        "TS005" : [10.557666667,107.026083333],
        "TS004" : [10.620166667,107.001833333],
        "TS003" : [10.682694444,106.977583333],
        "TS002" : [10.745222222,106.953305556],
        "TS001" : [10.80775,106.929055556],
        "TSN" : [10.8188, 106.652]
    },

    "arrival_dict" : {
        "BAOMY2D" : ["BAOMY", "TS028", "TS027", "TS026", "TS025", "TS024", "TS023", "TS022", "TS021", "BUNVI"],
        "BITIS2D" : ["BITIS", "TS029", "TS026", "TS025", "TS024", "TS023", "TS022", "TS021", "BUNVI"],
        "XOBAV1F" : ["XOBAV", "TS029", "TS026", "TS025", "TS024", "TS023", "TS022", "TS021", "BUNVI"],
        "SAPEN2K" : ["SAPEN", "TS032", "TS031", "TS030", "TS023", "TS022", "TS021", "BUNVI"],
        "BAOMY2F" : ["BAOMY", "TS008", "TS007", "TS006", "TS005", "TS004", "TS003", "TS002", "TS001", "SOKAN", "XIMLA"],
        "BITIS2F" : ["BITIS", "TS012", "TS011", "TS010", "TS009", "TS005", "TS004", "TS003", "TS002", "TS001", "SOKAN", "XIMLA"],
        "SAPEN2M" : ["SAPEN", "TS012", "TS011", "TS010", "TS009", "TS005", "TS004", "TS003", "TS002", "TS001", "SOKAN", "XIMLA"],
        "VICAL2C" : ["VICAL", "TS014", "TS009", "TS005", "TS004", "TS003", "TS002", "TS001", "SOKAN", "XIMLA"],
        "BITIS2G" : ["BITIS", "TS566", "TS564", "TS562", "SAMDU"],
        "SAPEN2G" : ["SAPEN", "TS584", "TS582", "LOTVU", "TS568", "TS566", "TS564", "TS562", "SAMDU"],

        "AC1S" : ["ANLOC", "TSN"],
        "BACHU1S" : ["BACHU", "TSN"],
        "BAOMY1S" : ["BAOMY", "TSN"],
        "BITIS1S" : ["BITIS", "TSN"],
        "DONXO1S" : ["DONXO", "TSN"],
        "ENPAS1S" : ["ENPAS", "TSN"],
        "XOBAV1S" : ["XOBAV", "TSN"],
        "LANHI1S" : ["LANHI", "TSN"],
        "MISAN1S" : ["MISAN", "TSN"],
        "SAPEN1S" : ["SAPEN", "TSN"],
        "VTV1S" : ["VTV", "TSN"],

        "SAPEN2H" : ["SAPEN", "TS498", "TS496", "NOKUM", "TS492", "LETRO", "VANLI", "TS488", "RUNSI", "TS458", "TS456", "TS454", "SOKAN"],
        "BITIS2H" : ["BITIS", "NOKUM", "TS492", "LETRO", "VANLI", "TS488", "RUNSI", "TS458", "TS456", "TS454", "SOKAN"]
    },

    "arrival_dict_v" : {
    },

    "holding_waypoints": ["BAOMY", "SAPEN", "XOBAV", "VICAL", "BITIS", "DALAP"],

    "iaf": ["BUNVI", "XIMLA", "SAMDU"],

    "airport": [10.8188, 106.652],

    "special_usage_condition":{
        "DALAP2G" : ["DALAP", "TS548", "TS546", "TS544", "ENROP", "TS542", "TS538", "TS536", "TS534", "SAMDU"],
        "VICAL3G" : ["VICAL", "TS538", "TS536", "TS534", "SAMDU"],

        "ELSAS2H" : ["ELSAS", "GOMIN", "RUNSI", "TS458", "TS456", "TS454", "SOKAN"],

        "VICAL3H" : ["VICAL", "LETRO", "VANLI", "TS488", "RUNSI", "TS458", "TS456", "TS454", "SOKAN"],
        "DALAP2H" : ["DALAP", "VIKEP", "TS452", "TS438", "TS436", "TS434", "TS432", "SOKAN"],
        "BITIS2J" : ["BITIS", "TS484", "TS482", "BUTGA", "NUNGO", "TS468", "TS466", "TS464", "TS462","BOMSU"],
        "SAPEN2J" : ["SAPEN", "BUTGA", "NUNGO", "TS468", "TS466", "TS464", "TS462","BOMSU"],
        "VICAL3J" : ["VICAL", "TS484", "TS482", "BUTGA", "NUNGO", "TS468", "TS466", "TS464", "TS462","BOMSU"],
        "DALAP2J" : ["DALAP", "ANSUP", "TS448", "TS446", "TS444", "TS442", "BOMSU"]
    },

    "considering_duplicates": {
        "BAOMY2E" : ["BAOMY", "TS028", "TS027", "TS026", "TS025", "TS024", "TS023", "TS022", "TS021", "VEXID"],
        "SAPEN2L" : ["SAPEN", "TS032", "TS031", "TS030", "TS023", "TS022", "TS021", "VEXID"],
        "BAOMY2G" : ["BAOMY", "TS008", "TS007", "TS006", "TS005", "TS004", "TS003", "TS002", "TS001", "SOKAN", "OMKAS"],
        "BITIS3G" : ["BITIS", "TS012", "TS011", "TS010", "TS009", "TS005", "TS004", "TS003", "TS002", "TS001", "SOKAN", "OMKAS"],
        "SAPEN2N" : ["SAPEN", "TS012", "TS011", "TS010", "TS009", "TS005", "TS004", "TS003", "TS002", "TS001", "SOKAN", "OMKAS"],